test, repellent, textbook, whiskey, proof
whack, buffalo, house, projectile, slug
synonym as verb, water ___, ... is in ..., related old unit of measurement
hospital, curse, ry, suckle, nurse,
parliament, slip, pet, lash, whip,
works here, rhymes, concatenation, synonym as verb,
time, mock, punch, buzz, clock,
death, trifle, rummage, bang, rifle,
instrument of, rhymes, synonym as verb, makes this sound,
strand, lack, key, in, lock,
tank, drug, bass, up, drum,
synonym of homonym, one letter changed, ___ and ___, concatenation,
bike, connect, Rumours, jaw, chain,
plot, connect, Toto, Fool, line,
compound, what is does, ch(a)in, partial song name on album,